route_id,shape_id,stop_id,stop_name,stop_sequence,stop_lon,stop_lat,dist
648,shape648-I,6151,"RUA JOSELITA PARENTE, SN",1,-38.5046,-3.838941,6.93750410886197e-10
648,shape648-I,5069,"RUA NUNES FEIJO, 1362",2,-38.505905,-3.846706,1701.46231424276
648,shape648-I,5071,"RUA NUNES FEIJO, 1596",3,-38.508719,-3.845599,2037.06228506546
648,shape648-I,5068,"RUA MORADA NOVA, SN",4,-38.511442,-3.845891,2443.26892703001
648,shape648-I,6178,"AVENIDA VAL PARAÍSO, SN",5,-38.51369,-3.84812,2900.77501238828
648,shape648-I,3761,"RUA RECANTO VERDE, 1541",6,-38.512282,-3.840209,3950.85604483051
648,shape648-I,5681,"RUA RECANTO VERDE, 1355",7,-38.511036,-3.834879,4562.75810447729
648,shape648-I,5809,"PRAÇA TERMINAL MESSEJANA, SN",8,-38.501933,-3.831484,7125.21968739583
