route_id,shape_id,stop_id,stop_name,stop_sequence,stop_lon,stop_lat,dist
061,shape061-I,5305,"RUA VINTE E CINCO MARCO, 619",1,-38.522438,-3.729102,0
061,shape061-I,1001,"RUA DOR JOAO MOREIRA, 163",2,-38.526007,-3.723169,1065.92800132499
061,shape061-I,1000,"RUA DOR JOAO MOREIRA, 489",3,-38.528991,-3.722157,1415.66758297239
061,shape061-I,994,"AVENIDA PRS CASTELO BRANCO, 615",4,-38.531967,-3.719262,2012.84156667502
061,shape061-I,713,"AVENIDA PRS CASTELO BRANCO, 1000",5,-38.535206,-3.718082,2395.52422953006
061,shape061-I,711,"AVENIDA PRS CASTELO BRANCO, SN",6,-38.537655,-3.717923,2668.1576149
061,shape061-I,708,"AVENIDA PRS CASTELO BRANCO, 591",7,-38.540517,-3.716608,3018.55327524026
061,shape061-I,6376,"AVENIDA FILOMENO GOMES, SN",8,-38.541587,-3.718722,3495.97510587378
