route_id,shape_id,stop_id,stop_name,stop_sequence,stop_lon,stop_lat,dist
020,shape020-I,5091,"RUA CAMPUS DO PICI, SN",1,-38.5697,-3.738689,1.88900274255759e-09
020,shape020-I,1994,"RUA ANDRADE FURTADO, SN",2,-38.572353,-3.739361,362.520823105747
020,shape020-I,2005,"RUA AURELIO CAMARA, SN",3,-38.574904,-3.742517,870.018795808194
020,shape020-I,2004,"RUA PRO ARMANDO FARIAS, SN",4,-38.576592,-3.745172,1280.20882788332
020,shape020-I,2287,"RUA PRO ARMANDO FARIAS, 89",5,-38.577707,-3.746828,1558.65440451455
020,shape020-I,2288,"RUA PRO ARMANDO FARIAS, 90",6,-38.575754,-3.747765,1755.76463491795
