route_id,shape_id,stop_id,stop_name,stop_sequence,stop_lon,stop_lat,dist
646,shape646-I,6009,"RUA GUTEMBERG BRAUM, SN",1,-38.526289,-3.837237,0
646,shape646-I,3761,"RUA RECANTO VERDE, 1541",2,-38.512282,-3.840209,6285.83775421435
646,shape646-I,5681,"RUA RECANTO VERDE, 1355",3,-38.511036,-3.834879,6897.73981386113
646,shape646-I,5809,"PRAÇA TERMINAL MESSEJANA, SN",4,-38.501933,-3.831484,9279.88648870648
