route_id,shape_id,stop_id,stop_name,stop_sequence,stop_lon,stop_lat,dist
020,shape020-V,2288,"RUA PRO ARMANDO FARIAS, 90",1,-38.575754,-3.747765,13.8000786587289
020,shape020-V,2290,"RUA PRO ARMANDO FARIAS, 91",2,-38.57374,-3.747144,247.735216734426
020,shape020-V,2006,"RUA PRO ARMANDO FARIAS, SN",3,-38.572436,-3.745899,491.135314428413
020,shape020-V,2007,"RUA AURÉLIO CAMARÁ, SN",4,-38.574766,-3.742524,976.406212503647
020,shape020-V,1995,"RUA ANDRADE FURTADO, SN",5,-38.572291,-3.739469,1460.65778110809
020,shape020-V,5091,"RUA CAMPUS DO PICI, SN",6,-38.5697,-3.738689,1781.35828710976
