route_id,shape_id,stop_id,stop_name,stop_sequence,stop_lon,stop_lat,dist
645,shape645-V,5809,"PRAÇA TERMINAL MESSEJANA, SN",1,-38.501933,-3.831484,19.0673702408697
645,shape645-V,3706,"AVENIDA PRS COSTA E SILVA, 1346",2,-38.507644,-3.830228,1322.54260472461
645,shape645-V,3709,"AVENIDA PRS COSTA E SILVA, SN",3,-38.509143,-3.829866,1493.722284109
645,shape645-V,3704,"AVENIDA PRS COSTA E SILVA, SN",4,-38.511562,-3.829112,1775.32117859451
645,shape645-V,3705,"AVENIDA PRS COSTA E SILVA, 2000",5,-38.512853,-3.828591,1929.80107093968
645,shape645-V,3619,"RUA 5 RESD NOVA ASSUNCAO, 163",6,-38.516451,-3.824772,2889.46417664243
645,shape645-V,3614,"RUA 13 CJ NOVA ASSUNCAO, 219",7,-38.519728,-3.824751,3379.2629661733
