route_id,shape_id,stop_id,stop_name,stop_sequence,stop_lon,stop_lat,dist
332,shape332-V,6339,"PRAÇA TERMINAL LAGOA, SN",1,-38.569883,-3.77181,2.61644279013327
332,shape332-V,2884,"AVENIDA AUGUSTO DOS ANJOS, 312",2,-38.571573,-3.771754,276.358111228476
332,shape332-V,1619,"AVENIDA AUGUSTO DOS ANJOS, 680",3,-38.573949,-3.774289,661.237128578379
332,shape332-V,1636,"AVENIDA AUGUSTO DOS ANJOS, SN",4,-38.57776,-3.778575,1296.49904581772
332,shape332-V,1564,"AVENIDA AUGUSTO DOS ANJOS, 1738",5,-38.580259,-3.781428,1716.65263153965
332,shape332-V,5482,"AVENIDA AUGUSTO DOS ANJOS, 1910",6,-38.581241,-3.782563,1882.94211319882
332,shape332-V,4427,"AVENIDA AUGUSTO DOS ANJOS, 2088",7,-38.582665,-3.784205,2123.66152279799
332,shape332-V,5822,"PRAÇA TERMINAL SIQUEIRA, SN",8,-38.586833,-3.789329,2882.98350567758
