route_id,shape_id,stop_id,stop_name,stop_sequence,stop_lon,stop_lat,dist
332,shape332-I,5822,"PRAÇA TERMINAL SIQUEIRA, SN",1,-38.586833,-3.789329,2.70025569679565e-09
332,shape332-I,4735,"AVENIDA GAL OSORIO DE PAIVA, 2834",2,-38.586143,-3.788443,482.242812034897
332,shape332-I,1563,"AVENIDA AUGUSTO DOS ANJOS, 1786",3,-38.580391,-3.781577,1479.52234945812
332,shape332-I,1635,"AVENIDA AUGUSTO DOS ANJOS, 1417",4,-38.578065,-3.778928,1870.04874356941
332,shape332-I,1617,"AVENIDA AUGUSTO DOS ANJOS, 1150",5,-38.576497,-3.777127,2134.533506435
332,shape332-I,1618,"AVENIDA AUGUSTO DOS ANJOS, 698",6,-38.574062,-3.774418,2537.99082644212
332,shape332-I,5232,"AVENIDA AUGUSTO DOS ANJOS, 408",7,-38.572219,-3.77244,2837.4946607492
332,shape332-I,6339,"PRAÇA TERMINAL LAGOA, SN",8,-38.569883,-3.77181,3291.12632038754
