route_id,shape_id,stop_id,stop_name,stop_sequence,stop_lon,stop_lat,dist
841,shape841-V,6079,"PRAÇA TERMINAL PAPICU, SN",1,-38.484761,-3.738568,9.54870770954215
841,shape841-V,1839,"AVENIDA ENG SANTANA JUNIOR, 970",2,-38.482669,-3.736718,723.256393939241
841,shape841-V,5402,"RUA PRO OTAVIO LOBO, SN",3,-38.476795,-3.741217,2082.34067764738
841,shape841-V,5796,"RUA JOSE RANGEL, 179",4,-38.47183,-3.738442,2900.671369753
841,shape841-V,5798,"RUA PRISCO BEZERRA, SN",5,-38.469043,-3.74176,3442.22634216768
