route_id,shape_id,stop_id,stop_name,stop_sequence,stop_lon,stop_lat,dist
648,shape648-V,5809,"PRAÇA TERMINAL MESSEJANA, SN",1,-38.501933,-3.831484,19.0673702408697
648,shape648-V,3706,"AVENIDA PRS COSTA E SILVA, 1346",2,-38.507644,-3.830228,1322.54260472461
648,shape648-V,3709,"AVENIDA PRS COSTA E SILVA, SN",3,-38.509143,-3.829866,1493.72228411005
648,shape648-V,5670,"RUA COLETOR ANTONIO GADELHA, 985",4,-38.507003,-3.833337,2160.12776186226
648,shape648-V,3714,"RODOVIA BR 116, 9800",5,-38.503645,-3.834096,2620.08619244249
648,shape648-V,6151,"RUA JOSELITA PARENTE, SN",6,-38.5046,-3.838941,3554.25254233851
