route_id,shape_id,stop_id,stop_name,stop_sequence,stop_lon,stop_lat,dist
841,shape841-I,5798,"RUA PRISCO BEZERRA, SN",1,-38.469043,-3.74176,5.63077241409055e-09
841,shape841-I,2210,"RUA LAURO NOGUEIRA, 1165",2,-38.476181,-3.740765,967.438750240732
841,shape841-I,2213,"RUA ANDRE DALL OCIO, 926",3,-38.476619,-3.740352,1043.91889613887
841,shape841-I,2185,"AVENIDA ENG SANTANA JUNIOR, 1185",4,-38.483407,-3.737655,2248.68015181107
841,shape841-I,6079,"PRAÇA TERMINAL PAPICU, SN",5,-38.484761,-3.738568,2448.57413375599
