route_id,shape_id,stop_id,stop_name,stop_sequence,stop_lon,stop_lat,dist
635,shape635-V,5809,"PRAÇA TERMINAL MESSEJANA, SN",1,-38.501933,-3.831484,19.0673702408697
635,shape635-V,3706,"AVENIDA PRS COSTA E SILVA, 1346",2,-38.507644,-3.830228,1322.54260472461
635,shape635-V,3709,"AVENIDA PRS COSTA E SILVA, SN",3,-38.509143,-3.829866,1493.72228411005
635,shape635-V,6320,"RUA FRANCISCO L DA SILVA, SN",4,-38.515679,-3.839658,3204.61445444022
